Student ID,Name,Department,Year,Section,Email,Recorded At,Attention State,Attention Score,Fusion State,Fusion Score,Fusion Confidence,Temporal State,Temporal Score,Temporal Confidence,Temporal Stable
24AD095,Rohit M,AD,3,B,rohitmahendran18@gmail.com,2026-09-27 13:51:32.539406+05:30,ATTENTIVE,,,,,,,,
24AD095,Rohit M,AD,3,B,rohitmahendran18@gmail.com,2026-09-27 13:51:35.438342+05:30,ATTENTIVE,,,,,,,,
24AD095,Rohit M,AD,3,B,rohitmahendran18@gmail.com,2026-09-27 13:51:36.751236+05:30,ATTENTIVE,,,,,,,,
24AD095,Rohit M,AD,3,B,rohitmahendran18@gmail.com,2026-09-27 13:51:38.019346+05:30,ATTENTIVE,,,,,,,,
24AD095,Rohit M,AD,3,B,rohitmahendran18@gmail.com,2026-09-27 13:51:39.472102+05:30,ATTENTIVE,,,,,,,,
24AD095,Rohit M,AD,3,B,rohitmahendran18@gmail.com,2026-09-27 13:51:41.378252+05:30,ATTENTIVE,,,,,,,,
24AD095,Rohit M,AD,3,B,rohitmahendran18@gmail.com,2026-09-27 13:51:43.114941+05:30,ATTENTIVE,,,,,,,,
24AD095,Rohit M,AD,3,B,rohitmahendran18@gmail.com,2026-09-27 13:51:44.820863+05:30,ATTENTIVE,,,,,,,,
24AD095,Rohit M,AD,3,B,rohitmahendran18@gmail.com,2026-09-27 19:22:45.109471+05:30,NOT ATTENTIVE,20.0,NOT ATTENTIVE,0.2,0.3,UNKNOWN,0.2,0.15,False
24AD095,Rohit M,AD,3,B,rohitmahendran18@gmail.com,2026-09-27 19:22:46.934352+05:30,ATTENTIVE,20.0,NOT ATTENTIVE,0.2,0.3,NOT ATTENTIVE,0.2,0.3,True
24AD095,Rohit M,AD,3,B,rohitmahendran18@gmail.com,2026-09-27 19:22:48.533458+05:30,ATTENTIVE,20.0,NOT ATTENTIVE,0.2,0.3,NOT ATTENTIVE,0.2,0.3,True
24AD095,Rohit M,AD,3,B,rohitmahendran18@gmail.com,2026-09-27 19:22:50.046930+05:30,ATTENTIVE,20.0,NOT ATTENTIVE,0.2,0.3,NOT ATTENTIVE,0.2,0.3,True
24AD095,Rohit M,AD,3,B,rohitmahendran18@gmail.com,2026-09-27 19:22:52.627196+05:30,ATTENTIVE,20.0,NOT ATTENTIVE,0.2,0.3,NOT ATTENTIVE,0.2,0.3,True
24AD095,Rohit M,AD,3,B,rohitmahendran18@gmail.com,2026-09-27 19:22:55.178455+05:30,ATTENTIVE,20.0,NOT ATTENTIVE,0.2,0.3,NOT ATTENTIVE,0.2,0.3,True
24AD095,Rohit M,AD,3,B,rohitmahendran18@gmail.com,2026-09-27 19:22:57.908893+05:30,ATTENTIVE,20.0,NOT ATTENTIVE,0.2,0.3,NOT ATTENTIVE,0.2,0.3,True
24AD095,Rohit M,AD,3,B,rohitmahendran18@gmail.com,2026-09-27 19:22:59.971288+05:30,ATTENTIVE,24.46,NOT ATTENTIVE,0.35,0.3,NOT ATTENTIVE,0.2446,0.3,True
24AD095,Rohit M,AD,3,B,rohitmahendran18@gmail.com,2026-09-27 19:23:01.851883+05:30,ATTENTIVE,28.03,NOT ATTENTIVE,0.35,0.3,NOT ATTENTIVE,0.2803,0.3,True
24AD095,Rohit M,AD,3,B,rohitmahendran18@gmail.com,2026-09-27 19:23:04.014963+05:30,ATTENTIVE,30.89,NOT ATTENTIVE,0.35,0.3,NOT ATTENTIVE,0.3089,0.3,True
24AD095,Rohit M,AD,3,B,rohitmahendran18@gmail.com,2026-09-27 19:23:06.076654+05:30,NOT ATTENTIVE,33.17,NOT ATTENTIVE,0.35,0.3,NOT ATTENTIVE,0.3317,0.3,True
24AD095,Rohit M,AD,3,B,rohitmahendran18@gmail.com,2026-09-27 19:23:08.564972+05:30,NOT ATTENTIVE,30.54,NOT ATTENTIVE,0.2,0.3,NOT ATTENTIVE,0.3054,0.3,True
24AD095,Rohit M,AD,3,B,rohitmahendran18@gmail.com,2026-09-27 19:23:10.451046+05:30,NOT ATTENTIVE,26.97,NOT ATTENTIVE,0.2,0.3,NOT ATTENTIVE,0.2697,0.3,True
24AD095,Rohit M,AD,3,B,rohitmahendran18@gmail.com,2026-09-27 19:23:12.240631+05:30,NOT ATTENTIVE,24.11,NOT ATTENTIVE,0.2,0.3,NOT ATTENTIVE,0.2411,0.3,True
24AD095,Rohit M,AD,3,B,rohitmahendran18@gmail.com,2026-09-27 19:23:14.118149+05:30,ATTENTIVE,21.83,NOT ATTENTIVE,0.2,0.3,NOT ATTENTIVE,0.2183,0.3,True
24AD095,Rohit M,AD,3,B,rohitmahendran18@gmail.com,2026-09-27 19:23:16.420961+05:30,ATTENTIVE,20.0,NOT ATTENTIVE,0.2,0.3,NOT ATTENTIVE,0.2,0.3,True
24AD095,Rohit M,AD,3,B,rohitmahendran18@gmail.com,2026-09-27 19:23:18.766713+05:30,ATTENTIVE,20.0,NOT ATTENTIVE,0.2,0.3,NOT ATTENTIVE,0.2,0.3,True
24AD095,Rohit M,AD,3,B,rohitmahendran18@gmail.com,2026-09-27 19:23:20.982572+05:30,ATTENTIVE,20.0,NOT ATTENTIVE,0.2,0.3,NOT ATTENTIVE,0.2,0.3,True
24AD095,Rohit M,AD,3,B,rohitmahendran18@gmail.com,2026-09-27 19:23:23.330746+05:30,ATTENTIVE,20.0,NOT ATTENTIVE,0.2,0.3,NOT ATTENTIVE,0.2,0.3,True
24AD095,Rohit M,AD,3,B,rohitmahendran18@gmail.com,2026-09-27 19:23:25.552479+05:30,NOT ATTENTIVE,20.0,NOT ATTENTIVE,0.2,0.3,NOT ATTENTIVE,0.2,0.3,True
24AD095,Rohit M,AD,3,B,rohitmahendran18@gmail.com,2026-09-27 19:23:27.671604+05:30,NOT ATTENTIVE,20.0,NOT ATTENTIVE,0.2,0.3,NOT ATTENTIVE,0.2,0.3,True
24AD095,Rohit M,AD,3,B,rohitmahendran18@gmail.com,2026-09-27 19:23:29.481758+05:30,NOT ATTENTIVE,20.0,NOT ATTENTIVE,0.2,0.3,NOT ATTENTIVE,0.2,0.3,True
24AD095,Rohit M,AD,3,B,rohitmahendran18@gmail.com,2026-09-27 19:23:31.744237+05:30,NOT ATTENTIVE,20.0,NOT ATTENTIVE,0.2,0.3,NOT ATTENTIVE,0.2,0.3,True
24AD095,Rohit M,AD,3,B,rohitmahendran18@gmail.com,2026-09-27 19:23:33.432908+05:30,NOT ATTENTIVE,20.0,NOT ATTENTIVE,0.2,0.3,NOT ATTENTIVE,0.2,0.3,True
24AD095,Rohit M,AD,3,B,rohitmahendran18@gmail.com,2026-09-27 19:23:35.795799+05:30,NOT ATTENTIVE,20.0,NOT ATTENTIVE,0.2,0.3,NOT ATTENTIVE,0.2,0.3,True
24AD095,Rohit M,AD,3,B,rohitmahendran18@gmail.com,2026-09-27 19:23:37.643975+05:30,NOT ATTENTIVE,20.0,NOT ATTENTIVE,0.2,0.3,NOT ATTENTIVE,0.2,0.3,True
24AD095,Rohit M,AD,3,B,rohitmahendran18@gmail.com,2026-09-27 19:23:39.479305+05:30,ATTENTIVE,20.0,NOT ATTENTIVE,0.2,0.3,NOT ATTENTIVE,0.2,0.3,True
24AD095,Rohit M,AD,3,B,rohitmahendran18@gmail.com,2026-09-27 19:23:41.516378+05:30,ATTENTIVE,20.0,NOT ATTENTIVE,0.2,0.3,NOT ATTENTIVE,0.2,0.3,True
24AD095,Rohit M,AD,3,B,rohitmahendran18@gmail.com,2026-09-27 19:23:43.415836+05:30,ATTENTIVE,20.0,NOT ATTENTIVE,0.2,0.3,NOT ATTENTIVE,0.2,0.3,True
24AD095,Rohit M,AD,3,B,rohitmahendran18@gmail.com,2026-09-27 19:23:45.244642+05:30,ATTENTIVE,20.0,NOT ATTENTIVE,0.2,0.3,NOT ATTENTIVE,0.2,0.3,True
24AD095,Rohit M,AD,3,B,rohitmahendran18@gmail.com,2026-09-27 19:23:46.634987+05:30,ATTENTIVE,20.0,NOT ATTENTIVE,0.2,0.3,NOT ATTENTIVE,0.2,0.3,True
24AD095,Rohit M,AD,3,B,rohitmahendran18@gmail.com,2026-09-27 19:23:48.082155+05:30,ATTENTIVE,20.0,NOT ATTENTIVE,0.2,0.3,NOT ATTENTIVE,0.2,0.3,True
24AD095,Rohit M,AD,3,B,rohitmahendran18@gmail.com,2026-09-27 19:23:50.051419+05:30,ATTENTIVE,20.0,NOT ATTENTIVE,0.2,0.3,NOT ATTENTIVE,0.2,0.3,True
24AD095,Rohit M,AD,3,B,rohitmahendran18@gmail.com,2026-09-27 19:23:51.791924+05:30,ATTENTIVE,20.0,NOT ATTENTIVE,0.2,0.3,NOT ATTENTIVE,0.2,0.3,True
24AD095,Rohit M,AD,3,B,rohitmahendran18@gmail.com,2026-09-27 19:23:53.739201+05:30,ATTENTIVE,20.0,NOT ATTENTIVE,0.2,0.3,NOT ATTENTIVE,0.2,0.3,True
24AD095,Rohit M,AD,3,B,rohitmahendran18@gmail.com,2026-09-27 19:23:55.983420+05:30,ATTENTIVE,20.0,NOT ATTENTIVE,0.2,0.3,NOT ATTENTIVE,0.2,0.3,True
24AD095,Rohit M,AD,3,B,rohitmahendran18@gmail.com,2026-09-27 19:23:57.852599+05:30,ATTENTIVE,20.0,NOT ATTENTIVE,0.2,0.3,NOT ATTENTIVE,0.2,0.3,True
24AD095,Rohit M,AD,3,B,rohitmahendran18@gmail.com,2026-09-27 19:23:59.625543+05:30,ATTENTIVE,20.0,NOT ATTENTIVE,0.2,0.3,NOT ATTENTIVE,0.2,0.3,True
24AD095,Rohit M,AD,3,B,rohitmahendran18@gmail.com,2026-09-27 19:24:01.703610+05:30,ATTENTIVE,20.0,NOT ATTENTIVE,0.2,0.3,NOT ATTENTIVE,0.2,0.3,True
24AD095,Rohit M,AD,3,B,rohitmahendran18@gmail.com,2026-09-27 19:24:12.202370+05:30,ATTENTIVE,20.0,UNKNOWN,,0.0,NOT ATTENTIVE,0.2,0.3,True
24AD095,Rohit M,AD,3,B,rohitmahendran18@gmail.com,2026-09-27 19:24:14.129755+05:30,ATTENTIVE,20.0,NOT ATTENTIVE,0.2,0.3,NOT ATTENTIVE,0.2,0.3,True
24AD095,Rohit M,AD,3,B,rohitmahendran18@gmail.com,2026-09-27 19:24:15.975678+05:30,ATTENTIVE,43.8,ATTENTIVE,1.0,0.3,NOT ATTENTIVE,0.438,0.24,True
24AD095,Rohit M,AD,3,B,rohitmahendran18@gmail.com,2026-09-27 19:24:18.128859+05:30,ATTENTIVE,39.04,NOT ATTENTIVE,0.2,0.3,NOT ATTENTIVE,0.3904,0.24,True
24AD095,Rohit M,AD,3,B,rohitmahendran18@gmail.com,2026-09-27 19:24:19.964719+05:30,ATTENTIVE,35.23,NOT ATTENTIVE,0.2,0.3,NOT ATTENTIVE,0.3523,0.24,True
24AD095,Rohit M,AD,3,B,rohitmahendran18@gmail.com,2026-09-27 19:24:22.780695+05:30,ATTENTIVE,32.18,NOT ATTENTIVE,0.2,0.3,NOT ATTENTIVE,0.3218,0.24,True
24AD095,Rohit M,AD,3,B,rohitmahendran18@gmail.com,2026-09-27 19:24:24.971876+05:30,ATTENTIVE,29.75,NOT ATTENTIVE,0.2,0.3,NOT ATTENTIVE,0.2975,0.24,True
24AD095,Rohit M,AD,3,B,rohitmahendran18@gmail.com,2026-09-27 19:24:27.115647+05:30,ATTENTIVE,20.0,NOT ATTENTIVE,0.2,0.3,NOT ATTENTIVE,0.2,0.3,True
24AD095,Rohit M,AD,3,B,rohitmahendran18@gmail.com,2026-09-27 19:24:28.919501+05:30,ATTENTIVE,20.0,NOT ATTENTIVE,0.2,0.3,NOT ATTENTIVE,0.2,0.3,True
24AD095,Rohit M,AD,3,B,rohitmahendran18@gmail.com,2026-09-27 19:24:33.111583+05:30,ATTENTIVE,20.0,NOT ATTENTIVE,0.2,0.3,NOT ATTENTIVE,0.2,0.3,True
24AD095,Rohit M,AD,3,B,rohitmahendran18@gmail.com,2026-09-27 19:24:35.273573+05:30,ATTENTIVE,20.0,NOT ATTENTIVE,0.2,0.3,NOT ATTENTIVE,0.2,0.3,True
24AD095,Rohit M,AD,3,B,rohitmahendran18@gmail.com,2026-09-27 19:24:37.386740+05:30,ATTENTIVE,20.0,NOT ATTENTIVE,0.2,0.3,NOT ATTENTIVE,0.2,0.3,True
24AD095,Rohit M,AD,3,B,rohitmahendran18@gmail.com,2026-09-27 19:24:39.520842+05:30,ATTENTIVE,20.0,NOT ATTENTIVE,0.2,0.3,NOT ATTENTIVE,0.2,0.3,True
24AD095,Rohit M,AD,3,B,rohitmahendran18@gmail.com,2026-09-27 19:24:41.465300+05:30,ATTENTIVE,20.0,NOT ATTENTIVE,0.2,0.3,NOT ATTENTIVE,0.2,0.3,True
24AD095,Rohit M,AD,3,B,rohitmahendran18@gmail.com,2026-09-27 19:24:43.183849+05:30,ATTENTIVE,20.0,NOT ATTENTIVE,0.2,0.3,NOT ATTENTIVE,0.2,0.3,True
24AD095,Rohit M,AD,3,B,rohitmahendran18@gmail.com,2026-09-27 19:24:45.276096+05:30,ATTENTIVE,20.0,NOT ATTENTIVE,0.2,0.3,NOT ATTENTIVE,0.2,0.3,True
24AD095,Rohit M,AD,3,B,rohitmahendran18@gmail.com,2026-09-27 19:24:50.746269+05:30,ATTENTIVE,20.0,NOT ATTENTIVE,0.2,0.3,NOT ATTENTIVE,0.2,0.3,True
24AD095,Rohit M,AD,3,B,rohitmahendran18@gmail.com,2026-09-27 19:24:53.447195+05:30,ATTENTIVE,20.0,NOT ATTENTIVE,0.2,0.3,NOT ATTENTIVE,0.2,0.3,True
24AD095,Rohit M,AD,3,B,rohitmahendran18@gmail.com,2026-09-27 19:24:56.428439+05:30,ATTENTIVE,20.0,NOT ATTENTIVE,0.2,0.3,NOT ATTENTIVE,0.2,0.3,True
24AD095,Rohit M,AD,3,B,rohitmahendran18@gmail.com,2026-09-27 19:24:59.412043+05:30,ATTENTIVE,20.0,NOT ATTENTIVE,0.2,0.3,NOT ATTENTIVE,0.2,0.3,True
24AD095,Rohit M,AD,3,B,rohitmahendran18@gmail.com,2026-09-27 19:25:01.864231+05:30,ATTENTIVE,20.0,NOT ATTENTIVE,0.2,0.3,NOT ATTENTIVE,0.2,0.3,True
24AD095,Rohit M,AD,3,B,rohitmahendran18@gmail.com,2026-09-27 19:25:04.875546+05:30,ATTENTIVE,20.0,NOT ATTENTIVE,0.2,0.3,NOT ATTENTIVE,0.2,0.3,True
24AD095,Rohit M,AD,3,B,rohitmahendran18@gmail.com,2026-09-27 19:25:08.426614+05:30,ATTENTIVE,20.0,NOT ATTENTIVE,0.2,0.3,NOT ATTENTIVE,0.2,0.3,True
24AD095,Rohit M,AD,3,B,rohitmahendran18@gmail.com,2026-09-27 19:25:11.425105+05:30,ATTENTIVE,20.0,NOT ATTENTIVE,0.2,0.3,NOT ATTENTIVE,0.2,0.3,True
24AD095,Rohit M,AD,3,B,rohitmahendran18@gmail.com,2026-09-27 19:25:14.365221+05:30,ATTENTIVE,20.0,NOT ATTENTIVE,0.2,0.3,NOT ATTENTIVE,0.2,0.3,True
24AD095,Rohit M,AD,3,B,rohitmahendran18@gmail.com,2026-09-27 19:25:17.815798+05:30,ATTENTIVE,20.0,NOT ATTENTIVE,0.2,0.3,NOT ATTENTIVE,0.2,0.3,True
24AD095,Rohit M,AD,3,B,rohitmahendran18@gmail.com,2026-09-27 19:25:20.066334+05:30,ATTENTIVE,20.0,NOT ATTENTIVE,0.2,0.3,NOT ATTENTIVE,0.2,0.3,True
24AD095,Rohit M,AD,3,B,rohitmahendran18@gmail.com,2026-09-27 19:25:22.727021+05:30,ATTENTIVE,20.0,NOT ATTENTIVE,0.2,0.3,NOT ATTENTIVE,0.2,0.3,True
24AD095,Rohit M,AD,3,B,rohitmahendran18@gmail.com,2026-09-27 19:25:26.425242+05:30,ATTENTIVE,20.0,UNKNOWN,,0.0,NOT ATTENTIVE,0.2,0.3,True
24AD095,Rohit M,AD,3,B,rohitmahendran18@gmail.com,2026-09-27 19:25:28.054448+05:30,ATTENTIVE,20.0,UNKNOWN,,0.0,NOT ATTENTIVE,0.2,0.3,True
24AD095,Rohit M,AD,3,B,rohitmahendran18@gmail.com,2026-09-27 19:25:31.299844+05:30,ATTENTIVE,20.0,NOT ATTENTIVE,0.2,0.3,NOT ATTENTIVE,0.2,0.3,True
24AD095,Rohit M,AD,3,B,rohitmahendran18@gmail.com,2026-09-27 19:25:33.608821+05:30,ATTENTIVE,20.0,NOT ATTENTIVE,0.2,0.3,NOT ATTENTIVE,0.2,0.3,True
24AD095,Rohit M,AD,3,B,rohitmahendran18@gmail.com,2026-09-27 19:25:37.569447+05:30,ATTENTIVE,20.0,NOT ATTENTIVE,0.2,0.3,NOT ATTENTIVE,0.2,0.3,True
24AD095,Rohit M,AD,3,B,rohitmahendran18@gmail.com,2026-09-27 19:25:39.572167+05:30,ATTENTIVE,20.0,NOT ATTENTIVE,0.2,0.3,NOT ATTENTIVE,0.2,0.3,True
24AD095,Rohit M,AD,3,B,rohitmahendran18@gmail.com,2026-09-27 19:25:43.816676+05:30,ATTENTIVE,20.0,NOT ATTENTIVE,0.2,0.3,NOT ATTENTIVE,0.2,0.3,True
24AD095,Rohit M,AD,3,B,rohitmahendran18@gmail.com,2026-09-27 19:25:45.904591+05:30,ATTENTIVE,20.0,NOT ATTENTIVE,0.2,0.3,NOT ATTENTIVE,0.2,0.3,True
24AD095,Rohit M,AD,3,B,rohitmahendran18@gmail.com,2026-09-27 19:25:47.981709+05:30,ATTENTIVE,20.0,NOT ATTENTIVE,0.2,0.3,NOT ATTENTIVE,0.2,0.3,True
24AD095,Rohit M,AD,3,B,rohitmahendran18@gmail.com,2026-09-27 19:25:50.055844+05:30,ATTENTIVE,20.0,NOT ATTENTIVE,0.2,0.3,NOT ATTENTIVE,0.2,0.3,True
24AD095,Rohit M,AD,3,B,rohitmahendran18@gmail.com,2026-09-27 19:25:51.649905+05:30,ATTENTIVE,20.0,NOT ATTENTIVE,0.2,0.3,NOT ATTENTIVE,0.2,0.3,True
24AD095,Rohit M,AD,3,B,rohitmahendran18@gmail.com,2026-09-27 19:25:53.402553+05:30,ATTENTIVE,20.0,NOT ATTENTIVE,0.2,0.3,NOT ATTENTIVE,0.2,0.3,True
24AD095,Rohit M,AD,3,B,rohitmahendran18@gmail.com,2026-09-27 19:25:55.146545+05:30,ATTENTIVE,20.0,NOT ATTENTIVE,0.2,0.3,NOT ATTENTIVE,0.2,0.3,True
24AD095,Rohit M,AD,3,B,rohitmahendran18@gmail.com,2026-09-27 19:25:56.652581+05:30,ATTENTIVE,20.0,UNKNOWN,,0.0,NOT ATTENTIVE,0.2,0.3,True
24AD095,Rohit M,AD,3,B,rohitmahendran18@gmail.com,2026-09-27 19:25:58.098660+05:30,ATTENTIVE,20.0,NOT ATTENTIVE,0.2,0.3,NOT ATTENTIVE,0.2,0.3,True
24AD095,Rohit M,AD,3,B,rohitmahendran18@gmail.com,2026-09-27 19:25:59.581088+05:30,ATTENTIVE,20.0,NOT ATTENTIVE,0.2,0.3,NOT ATTENTIVE,0.2,0.3,True
24AD095,Rohit M,AD,3,B,rohitmahendran18@gmail.com,2026-09-27 19:26:01.754087+05:30,ATTENTIVE,20.0,NOT ATTENTIVE,0.2,0.3,NOT ATTENTIVE,0.2,0.3,True
24AD095,Rohit M,AD,3,B,rohitmahendran18@gmail.com,2026-09-27 19:26:03.992792+05:30,ATTENTIVE,20.0,NOT ATTENTIVE,0.2,0.3,NOT ATTENTIVE,0.2,0.3,True
24AD095,Rohit M,AD,3,B,rohitmahendran18@gmail.com,2026-09-27 19:26:06.041538+05:30,ATTENTIVE,20.0,UNKNOWN,,0.0,NOT ATTENTIVE,0.2,0.3,True
24AD095,Rohit M,AD,3,B,rohitmahendran18@gmail.com,2026-09-27 19:26:08.217790+05:30,ATTENTIVE,20.0,NOT ATTENTIVE,0.2,0.3,NOT ATTENTIVE,0.2,0.3,True
24AD095,Rohit M,AD,3,B,rohitmahendran18@gmail.com,2026-09-27 19:26:10.161984+05:30,ATTENTIVE,20.0,NOT ATTENTIVE,0.2,0.3,NOT ATTENTIVE,0.2,0.3,True
24AD095,Rohit M,AD,3,B,rohitmahendran18@gmail.com,2026-09-27 19:26:15.129616+05:30,NOT ATTENTIVE,20.0,NOT ATTENTIVE,0.2,0.3,NOT ATTENTIVE,0.2,0.3,True
24AD095,Rohit M,AD,3,B,rohitmahendran18@gmail.com,2026-09-27 19:26:17.175616+05:30,NOT ATTENTIVE,20.0,NOT ATTENTIVE,0.2,0.3,NOT ATTENTIVE,0.2,0.3,True
24AD095,Rohit M,AD,3,B,rohitmahendran18@gmail.com,2026-09-27 19:26:19.026354+05:30,NOT ATTENTIVE,20.0,NOT ATTENTIVE,0.2,0.3,NOT ATTENTIVE,0.2,0.3,True
24AD095,Rohit M,AD,3,B,rohitmahendran18@gmail.com,2026-09-27 19:26:21.402689+05:30,NOT ATTENTIVE,20.0,NOT ATTENTIVE,0.2,0.3,NOT ATTENTIVE,0.2,0.3,True
24AD095,Rohit M,AD,3,B,rohitmahendran18@gmail.com,2026-09-27 19:26:24.562203+05:30,NOT ATTENTIVE,20.0,NOT ATTENTIVE,0.2,0.3,NOT ATTENTIVE,0.2,0.3,True
24AD095,Rohit M,AD,3,B,rohitmahendran18@gmail.com,2026-09-27 19:52:09.141237+05:30,NOT ATTENTIVE,20.0,NOT ATTENTIVE,0.2,0.3,UNKNOWN,0.2,0.15,False
24AD095,Rohit M,AD,3,B,rohitmahendran18@gmail.com,2026-09-27 19:52:14.353817+05:30,NOT ATTENTIVE,20.0,NOT ATTENTIVE,0.2,0.3,UNKNOWN,0.2,0.15,False
24AD095,Rohit M,AD,3,B,rohitmahendran18@gmail.com,2026-09-27 19:52:22.351825+05:30,NOT ATTENTIVE,20.0,UNKNOWN,,0.0,NOT ATTENTIVE,0.2,0.3,True
24AD095,Rohit M,AD,3,B,rohitmahendran18@gmail.com,2026-09-27 19:52:28.795043+05:30,NOT ATTENTIVE,20.0,NOT ATTENTIVE,0.2,0.3,NOT ATTENTIVE,0.2,0.3,True
24AD095,Rohit M,AD,3,B,rohitmahendran18@gmail.com,2026-09-27 19:52:30.910062+05:30,NOT ATTENTIVE,20.0,NOT ATTENTIVE,0.2,0.3,NOT ATTENTIVE,0.2,0.3,True
24AD095,Rohit M,AD,3,B,rohitmahendran18@gmail.com,2026-09-27 19:52:32.948504+05:30,NOT ATTENTIVE,20.0,NOT ATTENTIVE,0.2,0.3,NOT ATTENTIVE,0.2,0.3,True
24AD095,Rohit M,AD,3,B,rohitmahendran18@gmail.com,2026-09-27 19:52:35.401360+05:30,NOT ATTENTIVE,20.0,NOT ATTENTIVE,0.2,0.3,NOT ATTENTIVE,0.2,0.3,True
24AD095,Rohit M,AD,3,B,rohitmahendran18@gmail.com,2026-09-27 19:52:38.335968+05:30,NOT ATTENTIVE,20.0,NOT ATTENTIVE,0.2,0.3,NOT ATTENTIVE,0.2,0.3,True
24AD095,Rohit M,AD,3,B,rohitmahendran18@gmail.com,2026-09-27 19:52:40.541095+05:30,ATTENTIVE,20.0,NOT ATTENTIVE,0.2,0.3,NOT ATTENTIVE,0.2,0.3,True
24AD095,Rohit M,AD,3,B,rohitmahendran18@gmail.com,2026-09-27 19:52:42.664365+05:30,ATTENTIVE,20.0,NOT ATTENTIVE,0.2,0.3,NOT ATTENTIVE,0.2,0.3,True
24AD095,Rohit M,AD,3,B,rohitmahendran18@gmail.com,2026-09-27 19:52:45.927194+05:30,ATTENTIVE,20.0,NOT ATTENTIVE,0.2,0.3,NOT ATTENTIVE,0.2,0.3,True
24AD095,Rohit M,AD,3,B,rohitmahendran18@gmail.com,2026-09-27 19:52:49.369138+05:30,ATTENTIVE,20.0,NOT ATTENTIVE,0.2,0.3,NOT ATTENTIVE,0.2,0.3,True
24AD095,Rohit M,AD,3,B,rohitmahendran18@gmail.com,2026-09-27 19:52:52.131974+05:30,ATTENTIVE,20.0,NOT ATTENTIVE,0.2,0.3,NOT ATTENTIVE,0.2,0.3,True
24AD095,Rohit M,AD,3,B,rohitmahendran18@gmail.com,2026-09-27 19:52:54.763243+05:30,ATTENTIVE,20.0,NOT ATTENTIVE,0.2,0.3,NOT ATTENTIVE,0.2,0.3,True
24AD095,Rohit M,AD,3,B,rohitmahendran18@gmail.com,2026-09-27 19:52:58.095287+05:30,ATTENTIVE,20.0,NOT ATTENTIVE,0.2,0.3,NOT ATTENTIVE,0.2,0.3,True
24AD095,Rohit M,AD,3,B,rohitmahendran18@gmail.com,2026-09-27 19:53:01.266293+05:30,ATTENTIVE,20.0,NOT ATTENTIVE,0.2,0.3,NOT ATTENTIVE,0.2,0.3,True
24AD095,Rohit M,AD,3,B,rohitmahendran18@gmail.com,2026-09-27 19:53:03.667964+05:30,ATTENTIVE,20.0,NOT ATTENTIVE,0.2,0.3,NOT ATTENTIVE,0.2,0.3,True
24AD095,Rohit M,AD,3,B,rohitmahendran18@gmail.com,2026-09-27 19:53:07.110663+05:30,ATTENTIVE,20.0,NOT ATTENTIVE,0.2,0.3,NOT ATTENTIVE,0.2,0.3,True
24AD095,Rohit M,AD,3,B,rohitmahendran18@gmail.com,2026-09-27 19:53:11.657165+05:30,ATTENTIVE,24.46,NOT ATTENTIVE,0.35,0.3,NOT ATTENTIVE,0.2446,0.3,True
24AD095,Rohit M,AD,3,B,rohitmahendran18@gmail.com,2026-09-27 19:53:14.527797+05:30,ATTENTIVE,23.57,NOT ATTENTIVE,0.2,0.3,NOT ATTENTIVE,0.2357,0.3,True
24AD095,Rohit M,AD,3,B,rohitmahendran18@gmail.com,2026-09-27 19:53:18.744416+05:30,ATTENTIVE,22.86,NOT ATTENTIVE,0.2,0.3,NOT ATTENTIVE,0.2286,0.3,True
24AD095,Rohit M,AD,3,B,rohitmahendran18@gmail.com,2026-09-27 19:53:21.996531+05:30,NOT ATTENTIVE,22.28,NOT ATTENTIVE,0.2,0.3,NOT ATTENTIVE,0.2228,0.3,True
24AD095,Rohit M,AD,3,B,rohitmahendran18@gmail.com,2026-09-27 19:53:25.299101+05:30,NOT ATTENTIVE,21.83,NOT ATTENTIVE,0.2,0.3,NOT ATTENTIVE,0.2183,0.3,True
24AD095,Rohit M,AD,3,B,rohitmahendran18@gmail.com,2026-09-27 19:53:29.113489+05:30,NOT ATTENTIVE,20.0,NOT ATTENTIVE,0.2,0.3,NOT ATTENTIVE,0.2,0.3,True
24AD095,Rohit M,AD,3,B,rohitmahendran18@gmail.com,2026-09-27 19:53:33.772133+05:30,NOT ATTENTIVE,20.0,NOT ATTENTIVE,0.2,0.3,NOT ATTENTIVE,0.2,0.3,True
24AD095,Rohit M,AD,3,B,rohitmahendran18@gmail.com,2026-09-27 19:53:37.010793+05:30,NOT ATTENTIVE,20.0,NOT ATTENTIVE,0.2,0.3,NOT ATTENTIVE,0.2,0.3,True
24AD095,Rohit M,AD,3,B,rohitmahendran18@gmail.com,2026-09-27 19:53:40.919100+05:30,NOT ATTENTIVE,20.0,NOT ATTENTIVE,0.2,0.3,NOT ATTENTIVE,0.2,0.3,True
24AD095,Rohit M,AD,3,B,rohitmahendran18@gmail.com,2026-09-27 19:53:47.035440+05:30,NOT ATTENTIVE,20.0,NOT ATTENTIVE,0.2,0.3,NOT ATTENTIVE,0.2,0.3,True
24AD095,Rohit M,AD,3,B,rohitmahendran18@gmail.com,2026-09-27 19:53:50.512845+05:30,NOT ATTENTIVE,20.0,NOT ATTENTIVE,0.2,0.3,NOT ATTENTIVE,0.2,0.3,True
24AD095,Rohit M,AD,3,B,rohitmahendran18@gmail.com,2026-09-27 19:53:57.615951+05:30,NOT ATTENTIVE,20.0,NOT ATTENTIVE,0.2,0.3,NOT ATTENTIVE,0.2,0.3,True
24AD095,Rohit M,AD,3,B,rohitmahendran18@gmail.com,2026-09-27 20:37:53.667233+05:30,ATTENTIVE,20.0,NOT ATTENTIVE,0.2,0.3,UNKNOWN,0.2,0.15,False
24AD095,Rohit M,AD,3,B,rohitmahendran18@gmail.com,2026-09-27 20:37:56.618647+05:30,ATTENTIVE,20.0,NOT ATTENTIVE,0.2,0.3,UNKNOWN,0.2,0.15,False
24AD095,Rohit M,AD,3,B,rohitmahendran18@gmail.com,2026-09-27 20:37:57.967281+05:30,ATTENTIVE,20.0,NOT ATTENTIVE,0.2,0.3,NOT ATTENTIVE,0.2,0.3,True
24AD095,Rohit M,AD,3,B,rohitmahendran18@gmail.com,2026-09-27 20:37:59.269760+05:30,ATTENTIVE,20.0,NOT ATTENTIVE,0.2,0.3,NOT ATTENTIVE,0.2,0.3,True
24AD095,Rohit M,AD,3,B,rohitmahendran18@gmail.com,2026-09-27 20:38:00.902486+05:30,ATTENTIVE,20.0,NOT ATTENTIVE,0.2,0.3,NOT ATTENTIVE,0.2,0.3,True
24AD095,Rohit M,AD,3,B,rohitmahendran18@gmail.com,2026-09-27 20:38:39.675717+05:30,ATTENTIVE,20.0,NOT ATTENTIVE,0.2,0.3,UNKNOWN,0.2,0.15,False
24AD095,Rohit M,AD,3,B,rohitmahendran18@gmail.com,2026-09-27 20:38:41.939028+05:30,ATTENTIVE,20.0,NOT ATTENTIVE,0.2,0.3,UNKNOWN,0.2,0.15,False
24AD095,Rohit M,AD,3,B,rohitmahendran18@gmail.com,2026-09-27 20:38:42.981904+05:30,ATTENTIVE,20.0,NOT ATTENTIVE,0.2,0.3,NOT ATTENTIVE,0.2,0.3,True
24AD095,Rohit M,AD,3,B,rohitmahendran18@gmail.com,2026-09-27 20:38:44.037644+05:30,ATTENTIVE,20.0,NOT ATTENTIVE,0.2,0.3,NOT ATTENTIVE,0.2,0.3,True
24AD095,Rohit M,AD,3,B,rohitmahendran18@gmail.com,2026-09-27 20:38:45.235112+05:30,ATTENTIVE,20.0,NOT ATTENTIVE,0.2,0.3,NOT ATTENTIVE,0.2,0.3,True
24AD095,Rohit M,AD,3,B,rohitmahendran18@gmail.com,2026-09-27 20:38:46.936516+05:30,ATTENTIVE,20.0,NOT ATTENTIVE,0.2,0.3,NOT ATTENTIVE,0.2,0.3,True
24AD095,Rohit M,AD,3,B,rohitmahendran18@gmail.com,2026-09-27 20:38:48.657974+05:30,ATTENTIVE,20.0,NOT ATTENTIVE,0.2,0.3,NOT ATTENTIVE,0.2,0.3,True
24AD095,Rohit M,AD,3,B,rohitmahendran18@gmail.com,2026-09-27 20:38:50.307261+05:30,ATTENTIVE,20.0,NOT ATTENTIVE,0.2,0.3,NOT ATTENTIVE,0.2,0.3,True
24AD095,Rohit M,AD,3,B,rohitmahendran18@gmail.com,2026-09-27 20:38:51.827957+05:30,ATTENTIVE,20.0,NOT ATTENTIVE,0.2,0.3,NOT ATTENTIVE,0.2,0.3,True
24AD095,Rohit M,AD,3,B,rohitmahendran18@gmail.com,2026-09-27 20:38:53.469889+05:30,ATTENTIVE,20.0,NOT ATTENTIVE,0.2,0.3,NOT ATTENTIVE,0.2,0.3,True
24AD095,Rohit M,AD,3,B,rohitmahendran18@gmail.com,2026-09-27 20:38:55.042375+05:30,ATTENTIVE,20.0,NOT ATTENTIVE,0.2,0.3,NOT ATTENTIVE,0.2,0.3,True
24AD095,Rohit M,AD,3,B,rohitmahendran18@gmail.com,2026-09-27 20:38:56.572819+05:30,ATTENTIVE,20.0,NOT ATTENTIVE,0.2,0.3,NOT ATTENTIVE,0.2,0.3,True
24AD095,Rohit M,AD,3,B,rohitmahendran18@gmail.com,2026-09-27 20:38:57.966921+05:30,ATTENTIVE,20.0,NOT ATTENTIVE,0.2,0.3,NOT ATTENTIVE,0.2,0.3,True
24AD095,Rohit M,AD,3,B,rohitmahendran18@gmail.com,2026-09-27 20:38:59.083759+05:30,ATTENTIVE,20.0,NOT ATTENTIVE,0.2,0.3,NOT ATTENTIVE,0.2,0.3,True
24AD095,Rohit M,AD,3,B,rohitmahendran18@gmail.com,2026-09-27 20:39:00.847650+05:30,ATTENTIVE,20.0,NOT ATTENTIVE,0.2,0.3,NOT ATTENTIVE,0.2,0.3,True
24AD095,Rohit M,AD,3,B,rohitmahendran18@gmail.com,2026-09-27 20:39:02.383031+05:30,ATTENTIVE,20.0,NOT ATTENTIVE,0.2,0.3,NOT ATTENTIVE,0.2,0.3,True
24AD095,Rohit M,AD,3,B,rohitmahendran18@gmail.com,2026-09-27 20:39:03.744949+05:30,ATTENTIVE,20.0,NOT ATTENTIVE,0.2,0.3,NOT ATTENTIVE,0.2,0.3,True
24AD095,Rohit M,AD,3,B,rohitmahendran18@gmail.com,2026-09-27 20:39:04.971705+05:30,ATTENTIVE,20.0,NOT ATTENTIVE,0.2,0.3,NOT ATTENTIVE,0.2,0.3,True
24AD095,Rohit M,AD,3,B,rohitmahendran18@gmail.com,2026-09-27 20:39:06.653170+05:30,ATTENTIVE,20.0,NOT ATTENTIVE,0.2,0.3,NOT ATTENTIVE,0.2,0.3,True
24AD095,Rohit M,AD,3,B,rohitmahendran18@gmail.com,2026-09-27 20:39:08.421668+05:30,ATTENTIVE,20.0,NOT ATTENTIVE,0.2,0.3,NOT ATTENTIVE,0.2,0.3,True
24AD095,Rohit M,AD,3,B,rohitmahendran18@gmail.com,2026-09-27 20:39:09.982221+05:30,ATTENTIVE,20.0,NOT ATTENTIVE,0.2,0.3,NOT ATTENTIVE,0.2,0.3,True
24AD095,Rohit M,AD,3,B,rohitmahendran18@gmail.com,2026-09-27 20:39:40.752789+05:30,ATTENTIVE,20.0,NOT ATTENTIVE,0.2,0.3,UNKNOWN,0.2,0.15,False
24AD095,Rohit M,AD,3,B,rohitmahendran18@gmail.com,2026-09-27 20:39:43.417888+05:30,ATTENTIVE,20.0,NOT ATTENTIVE,0.2,0.3,UNKNOWN,0.2,0.15,False
24AD095,Rohit M,AD,3,B,rohitmahendran18@gmail.com,2026-09-27 20:39:45.446126+05:30,ATTENTIVE,20.0,NOT ATTENTIVE,0.2,0.3,NOT ATTENTIVE,0.2,0.3,True
24AD095,Rohit M,AD,3,B,rohitmahendran18@gmail.com,2026-09-27 20:39:47.664843+05:30,ATTENTIVE,20.0,NOT ATTENTIVE,0.2,0.3,NOT ATTENTIVE,0.2,0.3,True
24AD095,Rohit M,AD,3,B,rohitmahendran18@gmail.com,2026-09-27 20:39:50.766858+05:30,ATTENTIVE,20.0,NOT ATTENTIVE,0.2,0.3,NOT ATTENTIVE,0.2,0.3,True
24AD095,Rohit M,AD,3,B,rohitmahendran18@gmail.com,2026-09-27 20:39:53.151552+05:30,ATTENTIVE,20.0,NOT ATTENTIVE,0.2,0.3,NOT ATTENTIVE,0.2,0.3,True
24AD095,Rohit M,AD,3,B,rohitmahendran18@gmail.com,2026-09-27 20:39:54.998213+05:30,ATTENTIVE,20.0,NOT ATTENTIVE,0.2,0.3,NOT ATTENTIVE,0.2,0.3,True
24AD095,Rohit M,AD,3,B,rohitmahendran18@gmail.com,2026-09-27 20:39:56.702015+05:30,ATTENTIVE,20.0,NOT ATTENTIVE,0.2,0.3,NOT ATTENTIVE,0.2,0.3,True
24AD095,Rohit M,AD,3,B,rohitmahendran18@gmail.com,2026-09-27 20:39:58.387468+05:30,ATTENTIVE,20.0,NOT ATTENTIVE,0.2,0.3,NOT ATTENTIVE,0.2,0.3,True
24AD095,Rohit M,AD,3,B,rohitmahendran18@gmail.com,2026-09-27 20:39:59.872034+05:30,ATTENTIVE,20.0,NOT ATTENTIVE,0.2,0.3,NOT ATTENTIVE,0.2,0.3,True
24AD095,Rohit M,AD,3,B,rohitmahendran18@gmail.com,2026-09-27 20:40:01.424829+05:30,ATTENTIVE,20.0,NOT ATTENTIVE,0.2,0.3,NOT ATTENTIVE,0.2,0.3,True
24AD095,Rohit M,AD,3,B,rohitmahendran18@gmail.com,2026-09-27 20:40:03.099731+05:30,ATTENTIVE,20.0,NOT ATTENTIVE,0.2,0.3,NOT ATTENTIVE,0.2,0.3,True
24AD095,Rohit M,AD,3,B,rohitmahendran18@gmail.com,2026-09-27 20:40:04.929550+05:30,ATTENTIVE,20.0,NOT ATTENTIVE,0.2,0.3,NOT ATTENTIVE,0.2,0.3,True
24AD095,Rohit M,AD,3,B,rohitmahendran18@gmail.com,2026-09-27 20:40:06.516512+05:30,NOT ATTENTIVE,20.0,NOT ATTENTIVE,0.2,0.3,NOT ATTENTIVE,0.2,0.3,True
24AD095,Rohit M,AD,3,B,rohitmahendran18@gmail.com,2026-09-27 20:40:08.007420+05:30,NOT ATTENTIVE,20.0,NOT ATTENTIVE,0.2,0.3,NOT ATTENTIVE,0.2,0.3,True
24AD095,Rohit M,AD,3,B,rohitmahendran18@gmail.com,2026-09-27 20:40:09.279312+05:30,NOT ATTENTIVE,20.0,NOT ATTENTIVE,0.2,0.3,NOT ATTENTIVE,0.2,0.3,True
24AD095,Rohit M,AD,3,B,rohitmahendran18@gmail.com,2026-09-27 20:40:10.448747+05:30,NOT ATTENTIVE,20.0,NOT ATTENTIVE,0.2,0.3,NOT ATTENTIVE,0.2,0.3,True
24AD095,Rohit M,AD,3,B,rohitmahendran18@gmail.com,2026-09-27 21:31:59.195603+05:30,ATTENTIVE,20.0,NOT ATTENTIVE,0.2,0.3,UNKNOWN,0.2,0.15,False
24AD095,Rohit M,AD,3,B,rohitmahendran18@gmail.com,2026-09-27 21:32:01.217656+05:30,ATTENTIVE,20.0,NOT ATTENTIVE,0.2,0.3,UNKNOWN,0.2,0.15,False
24AD095,Rohit M,AD,3,B,rohitmahendran18@gmail.com,2026-09-27 21:32:02.562520+05:30,ATTENTIVE,20.0,NOT ATTENTIVE,0.2,0.3,NOT ATTENTIVE,0.2,0.3,True
24AD095,Rohit M,AD,3,B,rohitmahendran18@gmail.com,2026-09-27 21:32:03.912584+05:30,ATTENTIVE,20.0,NOT ATTENTIVE,0.2,0.3,NOT ATTENTIVE,0.2,0.3,True
24AD095,Rohit M,AD,3,B,rohitmahendran18@gmail.com,2026-09-27 21:32:05.272383+05:30,ATTENTIVE,20.0,NOT ATTENTIVE,0.2,0.3,NOT ATTENTIVE,0.2,0.3,True
24AD095,Rohit M,AD,3,B,rohitmahendran18@gmail.com,2026-09-27 21:32:06.554478+05:30,ATTENTIVE,20.0,NOT ATTENTIVE,0.2,0.3,NOT ATTENTIVE,0.2,0.3,True
24AD095,Rohit M,AD,3,B,rohitmahendran18@gmail.com,2026-09-27 21:32:07.916499+05:30,ATTENTIVE,20.0,NOT ATTENTIVE,0.2,0.3,NOT ATTENTIVE,0.2,0.3,True
24AD095,Rohit M,AD,3,B,rohitmahendran18@gmail.com,2026-09-27 21:32:09.078801+05:30,ATTENTIVE,20.0,NOT ATTENTIVE,0.2,0.3,NOT ATTENTIVE,0.2,0.3,True
24AD095,Rohit M,AD,3,B,rohitmahendran18@gmail.com,2026-09-27 21:32:10.450086+05:30,ATTENTIVE,20.0,NOT ATTENTIVE,0.2,0.3,NOT ATTENTIVE,0.2,0.3,True
24AD095,Rohit M,AD,3,B,rohitmahendran18@gmail.com,2026-09-27 21:32:11.815063+05:30,ATTENTIVE,20.0,NOT ATTENTIVE,0.2,0.3,NOT ATTENTIVE,0.2,0.3,True
24AD095,Rohit M,AD,3,B,rohitmahendran18@gmail.com,2026-09-27 21:32:13.039096+05:30,ATTENTIVE,20.0,NOT ATTENTIVE,0.2,0.3,NOT ATTENTIVE,0.2,0.3,True
24AD095,Rohit M,AD,3,B,rohitmahendran18@gmail.com,2026-09-27 21:32:14.291145+05:30,ATTENTIVE,20.0,NOT ATTENTIVE,0.2,0.3,NOT ATTENTIVE,0.2,0.3,True
24AD095,Rohit M,AD,3,B,rohitmahendran18@gmail.com,2026-09-27 21:32:15.483493+05:30,ATTENTIVE,20.0,NOT ATTENTIVE,0.2,0.3,NOT ATTENTIVE,0.2,0.3,True
24AD095,Rohit M,AD,3,B,rohitmahendran18@gmail.com,2026-09-27 21:32:16.740327+05:30,ATTENTIVE,20.0,NOT ATTENTIVE,0.2,0.3,NOT ATTENTIVE,0.2,0.3,True
